,,Stuffed Animal,,,,Small,,Medium,,Large,,All,
Date,Time,Bear,Elephant,Tiger,Gorilla,Shoes,T-shirt,Shoes,T-shirt,Shoes,T-shirt,Tiara,Glasses
4/1/2019,8:10:32 AM,0,0,1,0,0,1,0,0,0,0,0,0
4/1/2019,8:37:54 AM,0,0,1,0,0,0,0,0,0,0,0,0
4/1/2019,9:16:40 AM,1,0,0,0,0,0,1,1,0,0,0,0
4/1/2019,12:19:09 PM,1,0,0,0,0,0,0,1,0,0,0,0
4/1/2019,12:27:41 PM,0,0,0,1,0,0,1,1,0,0,0,1
4/1/2019,12:40:15 PM,0,0,1,0,0,0,0,0,0,0,0,0
4/1/2019,1:56:43 PM,1,0,0,0,0,0,1,1,0,0,0,0
4/1/2019,2:02:32 PM,1,0,0,0,0,0,0,1,0,0,0,0
4/1/2019,3:33:31 PM,1,0,0,0,0,0,1,0,0,0,0,1
4/1/2019,5:59:43 PM,0,0,1,0,0,1,0,0,0,0,0,0
4/1/2019,6:20:14 PM,0,0,1,0,1,0,0,0,0,0,0,0
4/2/2019,9:02:25 AM,0,1,0,0,0,0,0,0,0,1,0,1
4/2/2019,9:46:25 AM,0,0,0,1,0,0,0,0,0,0,0,0
4/2/2019,10:07:15 AM,0,0,0,1,0,0,1,0,0,0,0,0
4/2/2019,10:30:58 AM,1,0,0,0,0,0,0,1,0,0,0,0
4/2/2019,11:57:19 AM,0,0,1,0,1,1,0,0,0,0,0,0
4/2/2019,12:07:24 PM,0,0,1,0,1,0,0,0,0,0,0,0
4/2/2019,12:27:26 PM,1,0,0,0,0,0,0,1,0,0,0,0
4/2/2019,12:28:16 PM,0,0,1,0,0,0,0,0,0,0,0,0
4/2/2019,12:32:38 PM,1,0,0,0,0,0,0,1,0,0,0,1
4/2/2019,12:38:52 PM,0,1,0,0,0,0,0,0,0,1,0,0
4/2/2019,12:42:52 PM,0,0,0,1,0,0,0,1,0,0,0,1
4/2/2019,12:49:01 PM,1,0,0,0,0,0,0,1,0,0,0,0
4/2/2019,12:49:56 PM,1,0,0,0,0,0,1,0,0,0,0,0
4/2/2019,1:11:26 PM,1,0,0,0,0,0,0,1,0,0,0,0
4/2/2019,1:26:05 PM,0,0,1,0,1,0,0,0,0,0,0,0
4/2/2019,1:34:21 PM,0,0,0,1,0,0,0,1,0,0,0,0
4/2/2019,1:47:16 PM,1,0,0,0,0,0,0,0,0,0,1,0
4/2/2019,1:47:29 PM,0,0,0,1,0,0,0,1,0,0,0,0
4/2/2019,2:14:25 PM,1,0,0,0,0,0,1,1,0,0,0,0
4/2/2019,2:58:59 PM,1,0,0,0,0,0,0,0,0,0,0,0
4/2/2019,2:59:50 PM,1,0,0,0,0,0,0,0,0,0,0,0
4/2/2019,3:42:19 PM,0,0,1,0,1,0,0,0,0,0,1,0
4/2/2019,3:59:57 PM,1,0,0,0,0,0,0,0,0,0,0,0
4/2/2019,4:32:13 PM,1,0,0,0,0,0,0,0,0,0,0,1
4/2/2019,5:35:48 PM,1,0,0,0,0,0,0,0,0,0,0,0
4/2/2019,6:43:31 PM,1,0,0,0,0,0,0,0,0,0,0,0
4/2/2019,7:36:53 PM,1,0,0,0,0,0,0,1,0,0,0,0
4/2/2019,7:47:52 PM,1,0,0,0,0,0,0,1,0,0,0,0
4/3/2019,8:15:16 AM,1,0,0,0,0,0,0,0,0,0,0,0
4/3/2019,9:07:25 AM,1,0,0,0,0,0,0,1,0,0,0,0
4/3/2019,9:42:17 AM,1,0,0,0,0,0,0,1,0,0,0,0
4/3/2019,10:08:00 AM,0,0,1,0,0,0,0,0,0,0,0,0
4/3/2019,10:32:46 AM,0,0,1,0,0,1,0,0,0,0,0,0
4/3/2019,10:33:50 AM,0,0,1,0,1,1,0,0,0,0,0,0
4/3/2019,10:35:29 AM,1,0,0,0,0,0,1,0,0,0,0,0
4/3/2019,11:12:11 AM,0,0,1,0,0,0,0,0,0,0,0,0
4/3/2019,11:38:25 AM,0,1,0,0,0,0,0,0,0,1,0,0
4/3/2019,12:26:48 PM,0,0,1,0,1,0,0,0,0,0,0,0
4/3/2019,12:52:24 PM,0,0,1,0,0,1,0,0,0,0,0,0
4/3/2019,1:07:03 PM,0,0,1,0,0,1,0,0,0,0,0,0
4/3/2019,1:44:00 PM,1,0,0,0,0,0,1,1,0,0,0,0
4/3/2019,1:50:36 PM,1,0,0,0,0,0,1,0,0,0,0,0
4/3/2019,1:57:55 PM,0,0,1,0,0,0,0,0,0,0,0,0
4/3/2019,2:07:16 PM,0,0,0,1,0,0,0,1,0,0,0,0
4/3/2019,2:23:07 PM,0,0,0,1,0,0,0,0,0,0,0,0
4/3/2019,2:47:59 PM,1,0,0,0,0,0,0,1,0,0,0,0
4/3/2019,3:12:40 PM,0,0,0,1,0,0,0,0,0,0,0,0
4/3/2019,5:48:34 PM,0,0,0,1,0,0,0,1,0,0,1,0
4/3/2019,6:27:33 PM,0,0,1,0,0,0,0,0,0,0,0,1
4/4/2019,7:09:32 AM,0,1,0,0,0,0,0,0,1,0,0,0
4/4/2019,9:30:16 AM,0,0,0,1,0,0,0,1,0,0,0,0
4/4/2019,9:37:31 AM,1,0,0,0,0,0,1,0,0,0,0,0
4/4/2019,10:13:33 AM,0,0,1,0,1,0,0,0,0,0,0,0
4/4/2019,11:01:29 AM,0,1,0,0,0,0,0,0,0,1,1,1
4/4/2019,11:19:33 AM,1,0,0,0,0,0,0,0,0,0,0,0
4/4/2019,11:21:13 AM,1,0,0,0,0,0,0,1,0,0,0,0
4/4/2019,12:07:54 PM,0,0,0,1,0,0,0,0,0,0,0,0
4/4/2019,12:25:33 PM,1,0,0,0,0,0,1,1,0,0,0,0
4/4/2019,1:03:46 PM,1,0,0,0,0,0,0,1,0,0,0,0
4/4/2019,1:30:50 PM,0,0,1,0,1,1,0,0,0,0,0,0
4/4/2019,1:51:52 PM,0,1,0,0,0,0,0,0,0,1,0,0
4/4/2019,1:52:43 PM,1,0,0,0,0,0,0,1,0,0,0,0
4/4/2019,2:21:51 PM,0,1,0,0,0,0,0,0,0,0,0,0
4/4/2019,2:31:32 PM,0,0,0,1,0,0,1,1,0,0,0,1
4/4/2019,2:34:09 PM,0,0,0,1,0,0,0,1,0,0,0,1
4/4/2019,3:55:14 PM,1,0,0,0,0,0,1,0,0,0,0,0
4/4/2019,4:17:12 PM,1,0,0,0,0,0,0,1,0,0,0,0
4/4/2019,4:26:49 PM,0,0,1,0,0,1,0,0,0,0,0,0
4/4/2019,5:42:19 PM,0,0,0,1,0,0,0,0,0,0,0,0
4/4/2019,7:37:31 PM,0,0,1,0,1,0,0,0,0,0,0,0
4/4/2019,8:33:04 PM,0,0,1,0,0,0,0,0,0,0,0,0
4/4/2019,8:49:20 PM,0,0,0,1,0,0,0,1,0,0,0,0
4/5/2019,8:31:20 AM,1,0,0,0,0,0,1,0,0,0,0,0
4/5/2019,8:47:30 AM,0,0,1,0,0,1,0,0,0,0,0,0
4/5/2019,9:01:49 AM,0,0,0,1,0,0,0,1,0,0,0,1
4/5/2019,9:51:34 AM,0,0,1,0,0,1,0,0,0,0,0,0
4/5/2019,10:19:51 AM,1,0,0,0,0,0,0,0,0,0,0,0
4/5/2019,12:15:05 PM,1,0,0,0,0,0,0,0,0,0,0,1
4/5/2019,12:21:28 PM,0,1,0,0,0,0,0,0,0,0,0,0
4/5/2019,12:39:08 PM,0,0,0,1,0,0,1,1,0,0,0,0
4/5/2019,12:45:19 PM,0,0,0,1,0,0,1,1,0,0,0,0
4/5/2019,12:45:54 PM,0,0,1,0,0,1,0,0,0,0,0,0
4/5/2019,12:47:37 PM,0,0,1,0,1,0,0,0,0,0,0,0
4/5/2019,1:16:08 PM,1,0,0,0,0,0,0,1,0,0,0,0
4/5/2019,1:48:04 PM,0,0,0,1,0,0,0,1,0,0,0,0
4/5/2019,1:56:04 PM,0,0,0,1,0,0,0,1,0,0,0,0
4/5/2019,2:17:38 PM,1,0,0,0,0,0,0,0,0,0,1,0
4/5/2019,2:34:51 PM,0,0,1,0,0,0,0,0,0,0,0,0
4/5/2019,2:39:20 PM,1,0,0,0,0,0,1,0,0,0,0,0
4/5/2019,3:20:40 PM,0,0,0,1,0,0,0,1,0,0,0,0
4/5/2019,3:30:15 PM,0,1,0,0,0,0,0,0,1,0,0,1
4/5/2019,4:00:47 PM,1,0,0,0,0,0,0,1,0,0,0,0
4/5/2019,4:16:07 PM,0,0,0,1,0,0,0,1,0,0,1,1
4/5/2019,4:59:01 PM,0,0,1,0,1,1,0,0,0,0,0,0
4/5/2019,5:04:30 PM,0,0,0,1,0,0,1,0,0,0,0,1
4/5/2019,5:32:46 PM,1,0,0,0,0,0,1,0,0,0,0,0
4/5/2019,6:07:39 PM,1,0,0,0,0,0,0,1,0,0,0,0
4/5/2019,7:04:38 PM,0,0,1,0,0,0,0,0,0,0,0,0
4/5/2019,7:18:07 PM,0,0,1,0,1,0,0,0,0,0,0,1
4/5/2019,7:30:56 PM,1,0,0,0,0,0,0,0,0,0,0,0
4/6/2019,8:19:38 AM,0,0,0,1,0,0,1,0,0,0,0,1
4/6/2019,8:27:06 AM,1,0,0,0,0,0,1,0,0,0,0,0
4/6/2019,8:52:58 AM,1,0,0,0,0,0,0,0,0,0,0,0
4/6/2019,10:10:23 AM,1,0,0,0,0,0,0,0,0,0,0,0
4/6/2019,10:28:14 AM,0,0,1,0,0,1,0,0,0,0,0,0
4/6/2019,10:30:25 AM,1,0,0,0,0,0,0,1,0,0,0,0
4/6/2019,11:04:53 AM,0,0,0,1,0,0,0,1,0,0,0,0
4/6/2019,11:32:27 AM,1,0,0,0,0,0,1,0,0,0,0,0
4/6/2019,11:46:32 AM,0,0,1,0,1,0,0,0,0,0,1,0
4/6/2019,12:03:14 PM,0,0,0,1,0,0,0,1,0,0,0,0
4/6/2019,12:04:13 PM,0,1,0,0,0,0,0,0,1,1,0,0
4/6/2019,12:40:07 PM,0,0,0,1,0,0,0,1,0,0,0,0
4/6/2019,1:09:01 PM,1,0,0,0,0,0,0,0,0,0,0,0
4/6/2019,1:15:55 PM,0,1,0,0,0,0,0,0,0,1,0,0
4/6/2019,1:21:00 PM,0,0,0,1,0,0,0,0,0,0,0,1
4/6/2019,1:34:56 PM,1,0,0,0,0,0,1,0,0,0,0,0
4/6/2019,1:39:02 PM,1,0,0,0,0,0,0,1,0,0,0,0
4/6/2019,1:43:12 PM,1,0,0,0,0,0,0,0,0,0,0,0
4/6/2019,1:51:42 PM,1,0,0,0,0,0,1,1,0,0,0,0
4/6/2019,1:52:40 PM,1,0,0,0,0,0,1,1,0,0,0,0
4/6/2019,2:44:23 PM,1,0,0,0,0,0,0,1,0,0,0,0
4/6/2019,2:46:22 PM,0,0,1,0,0,0,0,0,0,0,0,0
4/6/2019,2:56:09 PM,0,0,1,0,1,0,0,0,0,0,0,0
4/6/2019,3:18:33 PM,0,0,1,0,1,1,0,0,0,0,0,0
4/6/2019,3:31:02 PM,0,1,0,0,0,0,0,0,0,0,0,1
4/6/2019,3:35:07 PM,1,0,0,0,0,0,0,0,0,0,0,0
4/6/2019,3:36:16 PM,1,0,0,0,0,0,0,0,0,0,0,0
4/6/2019,3:45:37 PM,0,0,0,1,0,0,0,1,0,0,0,0
4/6/2019,4:05:09 PM,1,0,0,0,0,0,0,1,0,0,1,1
4/6/2019,4:09:03 PM,0,1,0,0,0,0,0,0,0,1,0,0
4/6/2019,4:17:20 PM,0,0,0,1,0,0,0,1,0,0,0,0
4/6/2019,4:26:17 PM,0,0,0,1,0,0,0,1,0,0,1,0
4/6/2019,5:17:22 PM,1,0,0,0,0,0,0,1,0,0,0,0
4/6/2019,5:20:28 PM,0,0,1,0,0,0,0,0,0,0,0,0
4/6/2019,5:47:08 PM,0,0,0,1,0,0,0,1,0,0,0,0
4/6/2019,5:50:57 PM,1,0,0,0,0,0,0,0,0,0,0,0
4/6/2019,6:10:20 PM,0,0,1,0,1,0,0,0,0,0,0,0
4/6/2019,6:25:51 PM,0,0,0,1,0,0,1,1,0,0,1,1
4/6/2019,7:13:52 PM,0,0,0,1,0,0,0,1,0,0,0,1
4/6/2019,8:50:15 PM,0,0,1,0,0,1,0,0,0,0,0,0
4/7/2019,9:37:57 AM,1,0,0,0,0,0,0,1,0,0,0,1
4/7/2019,9:47:58 AM,0,0,0,1,0,0,0,0,0,0,0,0
4/7/2019,9:58:33 AM,1,0,0,0,0,0,1,1,0,0,0,0
4/7/2019,10:15:06 AM,0,1,0,0,0,0,0,0,0,1,0,0
4/7/2019,10:27:00 AM,0,1,0,0,0,0,0,0,1,0,0,0
4/7/2019,10:38:11 AM,0,0,0,1,0,0,0,1,0,0,0,0
4/7/2019,10:44:15 AM,0,1,0,0,0,0,0,0,1,0,0,1
4/7/2019,10:55:22 AM,0,0,1,0,0,1,0,0,0,0,0,0
4/7/2019,11:33:46 AM,0,0,0,1,0,0,0,1,0,0,0,0
4/7/2019,12:06:38 PM,0,0,1,0,1,1,0,0,0,0,0,0
4/7/2019,12:11:53 PM,1,0,0,0,0,0,0,0,0,0,1,0
4/7/2019,12:12:18 PM,0,0,1,0,1,0,0,0,0,0,0,0
4/7/2019,12:19:57 PM,0,0,0,1,0,0,0,1,0,0,0,0
4/7/2019,12:36:20 PM,1,0,0,0,0,0,0,0,0,0,1,0
4/7/2019,12:38:43 PM,0,0,0,1,0,0,0,0,0,0,0,0
4/7/2019,1:04:10 PM,0,0,1,0,0,0,0,0,0,0,0,0
4/7/2019,1:06:38 PM,1,0,0,0,0,0,0,1,0,0,0,0
4/7/2019,1:17:53 PM,1,0,0,0,0,0,0,1,0,0,0,0
4/7/2019,1:28:55 PM,0,1,0,0,0,0,0,0,1,1,0,0
4/7/2019,2:06:29 PM,0,0,0,1,0,0,0,0,0,0,0,0
4/7/2019,2:13:21 PM,0,0,1,0,0,0,0,0,0,0,0,1
4/7/2019,2:16:20 PM,1,0,0,0,0,0,0,0,0,0,0,0
4/7/2019,2:16:57 PM,1,0,0,0,0,0,0,0,0,0,0,0
4/7/2019,2:20:41 PM,1,0,0,0,0,0,0,1,0,0,0,0
4/7/2019,2:34:38 PM,1,0,0,0,0,0,0,1,0,0,0,0
4/7/2019,2:38:15 PM,1,0,0,0,0,0,1,0,0,0,0,0
4/7/2019,2:51:05 PM,1,0,0,0,0,0,0,0,0,0,0,0
4/7/2019,2:54:57 PM,0,0,0,1,0,0,0,1,0,0,0,0
4/7/2019,3:06:22 PM,0,0,1,0,0,0,0,0,0,0,0,0
4/7/2019,3:09:00 PM,1,0,0,0,0,0,0,0,0,0,0,0
4/7/2019,3:10:28 PM,1,0,0,0,0,0,0,0,0,0,0,0
4/7/2019,3:28:16 PM,0,0,0,1,0,0,0,1,0,0,0,0
4/7/2019,3:33:18 PM,0,1,0,0,0,0,0,0,1,0,0,0
4/7/2019,4:03:18 PM,0,0,1,0,1,1,0,0,0,0,0,0
4/7/2019,4:51:13 PM,0,0,1,0,1,0,0,0,0,0,0,0
4/7/2019,5:32:04 PM,1,0,0,0,0,0,0,1,0,0,0,1
4/7/2019,5:32:08 PM,0,0,1,0,0,0,0,0,0,0,0,0
4/7/2019,5:38:53 PM,1,0,0,0,0,0,1,1,0,0,0,0
4/7/2019,5:56:28 PM,1,0,0,0,0,0,0,1,0,0,1,0
4/7/2019,5:58:27 PM,0,0,0,1,0,0,1,1,0,0,0,0
4/7/2019,6:31:43 PM,0,0,1,0,1,1,0,0,0,0,0,0
4/7/2019,6:49:42 PM,1,0,0,0,0,0,0,0,0,0,0,0
4/7/2019,7:25:35 PM,0,0,1,0,0,0,0,0,0,0,0,0
4/7/2019,8:18:34 PM,0,0,1,0,1,0,0,0,0,0,0,1
4/8/2019,10:09:47 AM,0,0,1,0,1,0,0,0,0,0,0,0
4/8/2019,10:49:33 AM,1,0,0,0,0,0,1,1,0,0,0,0
4/8/2019,11:22:41 AM,0,0,1,0,1,1,0,0,0,0,0,1
4/8/2019,2:45:54 PM,0,1,0,0,0,0,0,0,0,1,0,0
4/8/2019,3:05:56 PM,0,0,0,1,0,0,0,0,0,0,0,0
4/8/2019,5:24:06 PM,1,0,0,0,0,0,0,0,0,0,0,0
4/8/2019,5:28:01 PM,1,0,0,0,0,0,0,1,0,0,0,0
4/8/2019,7:49:38 PM,1,0,0,0,0,0,1,1,0,0,0,0
4/9/2019,8:22:15 AM,0,0,1,0,1,0,0,0,0,0,0,0
4/9/2019,8:37:34 AM,0,0,0,1,0,0,0,0,0,0,0,0
4/9/2019,10:37:21 AM,0,0,1,0,1,1,0,0,0,0,0,0
4/9/2019,10:58:57 AM,1,0,0,0,0,0,1,1,0,0,0,0
4/9/2019,11:15:58 AM,0,0,0,1,0,0,1,0,0,0,0,1
4/9/2019,11:56:40 AM,0,0,0,1,0,0,0,1,0,0,0,0
4/9/2019,12:07:39 PM,0,0,1,0,0,0,0,0,0,0,1,0
4/9/2019,12:42:19 PM,1,0,0,0,0,0,0,0,0,0,0,0
4/9/2019,12:55:14 PM,0,0,1,0,1,1,0,0,0,0,0,0
4/9/2019,12:57:51 PM,1,0,0,0,0,0,0,1,0,0,0,0
4/9/2019,12:58:34 PM,0,0,0,1,0,0,0,0,0,0,0,1
4/9/2019,1:02:19 PM,0,1,0,0,0,0,0,0,0,1,0,0
4/9/2019,1:24:44 PM,0,1,0,0,0,0,0,0,0,0,0,0
4/9/2019,1:30:49 PM,1,0,0,0,0,0,0,1,0,0,0,0
4/9/2019,1:35:03 PM,0,1,0,0,0,0,0,0,0,0,0,0
4/9/2019,1:53:38 PM,1,0,0,0,0,0,0,1,0,0,0,1
4/9/2019,2:25:37 PM,0,0,1,0,0,1,0,0,0,0,0,0
4/9/2019,2:27:02 PM,0,1,0,0,0,0,0,0,0,0,0,0
4/9/2019,2:29:36 PM,0,0,1,0,1,1,0,0,0,0,0,0
4/9/2019,3:09:04 PM,1,0,0,0,0,0,0,0,0,0,1,0
4/9/2019,3:18:34 PM,1,0,0,0,0,0,0,0,0,0,0,0
4/9/2019,3:21:02 PM,1,0,0,0,0,0,1,1,0,0,0,0
4/9/2019,3:30:39 PM,1,0,0,0,0,0,0,1,0,0,0,0
4/9/2019,4:04:52 PM,0,0,1,0,1,1,0,0,0,0,0,0
4/9/2019,4:06:07 PM,1,0,0,0,0,0,0,1,0,0,0,0
4/9/2019,4:20:46 PM,0,0,0,1,0,0,0,1,0,0,0,0
4/9/2019,4:20:58 PM,1,0,0,0,0,0,0,1,0,0,0,0
4/9/2019,4:28:50 PM,1,0,0,0,0,0,0,0,0,0,0,0
4/9/2019,5:31:03 PM,0,0,0,1,0,0,0,0,0,0,0,0
4/9/2019,6:11:09 PM,0,0,1,0,0,1,0,0,0,0,1,0
4/9/2019,6:53:43 PM,0,0,1,0,0,0,0,0,0,0,0,0
4/9/2019,6:59:58 PM,0,0,1,0,1,0,0,0,0,0,0,0
4/9/2019,7:05:54 PM,0,0,0,1,0,0,0,1,0,0,0,0
4/9/2019,7:23:55 PM,1,0,0,0,0,0,0,1,0,0,0,0
4/9/2019,7:55:02 PM,1,0,0,0,0,0,1,0,0,0,0,0
4/9/2019,8:24:23 PM,0,0,0,1,0,0,0,0,0,0,0,0
4/10/2019,10:18:35 AM,1,0,0,0,0,0,0,1,0,0,0,0
4/10/2019,10:44:19 AM,0,0,0,1,0,0,0,1,0,0,0,0
4/10/2019,10:58:42 AM,1,0,0,0,0,0,0,1,0,0,0,0
4/10/2019,11:13:57 AM,0,0,1,0,1,0,0,0,0,0,0,0
4/10/2019,11:15:04 AM,1,0,0,0,0,0,1,0,0,0,0,0
4/10/2019,12:09:36 PM,0,0,1,0,1,1,0,0,0,0,0,0
4/10/2019,12:39:15 PM,1,0,0,0,0,0,1,0,0,0,0,0
4/10/2019,1:20:45 PM,0,0,1,0,0,1,0,0,0,0,0,1
4/10/2019,2:37:02 PM,0,1,0,0,0,0,0,0,0,1,1,0
4/10/2019,4:52:35 PM,1,0,0,0,0,0,1,0,0,0,0,0
4/10/2019,5:58:18 PM,0,0,0,1,0,0,0,1,0,0,0,0
4/10/2019,6:57:51 PM,0,0,1,0,0,0,0,0,0,0,0,1
4/10/2019,6:59:07 PM,0,0,0,1,0,0,0,1,0,0,0,0
4/10/2019,6:59:15 PM,0,0,0,1,0,0,0,1,0,0,0,0
4/11/2019,7:37:34 AM,0,0,1,0,1,0,0,0,0,0,1,0
4/11/2019,9:13:44 AM,0,0,1,0,0,0,0,0,0,0,0,1
4/11/2019,9:14:31 AM,0,0,1,0,1,0,0,0,0,0,0,0
4/11/2019,10:17:10 AM,1,0,0,0,0,0,0,1,0,0,0,1
4/11/2019,10:23:30 AM,0,0,1,0,0,0,0,0,0,0,0,0
4/11/2019,10:35:11 AM,0,0,0,1,0,0,0,0,0,0,0,1
4/11/2019,10:52:05 AM,1,0,0,0,0,0,1,1,0,0,0,0
4/11/2019,11:42:11 AM,0,0,1,0,1,0,0,0,0,0,0,0
4/11/2019,12:07:42 PM,0,0,1,0,1,0,0,0,0,0,1,0
4/11/2019,12:37:22 PM,0,1,0,0,0,0,0,0,0,1,0,0
4/11/2019,12:37:28 PM,1,0,0,0,0,0,0,1,0,0,1,0
4/11/2019,1:14:38 PM,1,0,0,0,0,0,0,0,0,0,0,0
4/11/2019,1:24:54 PM,1,0,0,0,0,0,1,0,0,0,0,0
4/11/2019,1:57:51 PM,0,0,0,1,0,0,0,0,0,0,0,0
4/11/2019,3:36:39 PM,1,0,0,0,0,0,1,0,0,0,0,0
4/11/2019,3:39:56 PM,1,0,0,0,0,0,0,1,0,0,1,0
4/11/2019,3:40:11 PM,0,1,0,0,0,0,0,0,0,1,0,0
4/11/2019,4:15:32 PM,0,0,1,0,0,0,0,0,0,0,1,0
4/11/2019,4:31:54 PM,1,0,0,0,0,0,0,1,0,0,0,0
4/11/2019,4:55:17 PM,1,0,0,0,0,0,0,1,0,0,1,0
4/11/2019,7:11:32 PM,1,0,0,0,0,0,0,1,0,0,0,0
4/11/2019,7:14:20 PM,1,0,0,0,0,0,0,1,0,0,0,0
4/11/2019,7:34:40 PM,0,0,0,1,0,0,1,1,0,0,0,0
4/12/2019,7:04:16 AM,1,0,0,0,0,0,1,1,0,0,0,0
4/12/2019,8:17:07 AM,1,0,0,0,0,0,0,1,0,0,0,0
4/12/2019,9:00:30 AM,0,0,0,1,0,0,0,0,0,0,0,0
4/12/2019,9:14:02 AM,0,0,1,0,1,1,0,0,0,0,0,0
4/12/2019,9:23:48 AM,0,0,1,0,0,0,0,0,0,0,0,0
4/12/2019,9:34:46 AM,1,0,0,0,0,0,0,0,0,0,0,0
4/12/2019,9:36:46 AM,0,0,1,0,0,0,0,0,0,0,0,0
4/12/2019,9:46:22 AM,1,0,0,0,0,0,0,1,0,0,0,0
4/12/2019,9:51:18 AM,0,1,0,0,0,0,0,0,0,1,0,0
4/12/2019,10:34:45 AM,1,0,0,0,0,0,0,0,0,0,0,0
4/12/2019,10:59:10 AM,0,0,0,1,0,0,0,1,0,0,0,0
4/12/2019,11:08:03 AM,1,0,0,0,0,0,0,1,0,0,0,1
4/12/2019,11:38:13 AM,1,0,0,0,0,0,0,1,0,0,0,1
4/12/2019,12:02:47 PM,1,0,0,0,0,0,1,0,0,0,0,0
4/12/2019,12:27:15 PM,1,0,0,0,0,0,0,1,0,0,0,0
4/12/2019,12:53:43 PM,0,0,1,0,1,0,0,0,0,0,0,0
4/12/2019,1:01:34 PM,1,0,0,0,0,0,0,1,0,0,0,0
4/12/2019,1:12:01 PM,1,0,0,0,0,0,0,0,0,0,0,0
4/12/2019,1:12:15 PM,0,0,1,0,0,0,0,0,0,0,0,0
4/12/2019,1:16:35 PM,0,0,0,1,0,0,0,0,0,0,0,0
4/12/2019,1:18:35 PM,1,0,0,0,0,0,0,1,0,0,0,0
4/12/2019,1:25:06 PM,1,0,0,0,0,0,0,1,0,0,0,0
4/12/2019,2:05:23 PM,0,0,0,1,0,0,0,1,0,0,1,0
4/12/2019,2:11:34 PM,1,0,0,0,0,0,0,1,0,0,0,0
4/12/2019,2:34:13 PM,1,0,0,0,0,0,0,1,0,0,0,0
4/12/2019,2:58:18 PM,1,0,0,0,0,0,1,0,0,0,0,0
4/12/2019,3:09:31 PM,1,0,0,0,0,0,0,1,0,0,0,0
4/12/2019,3:30:26 PM,0,0,1,0,0,0,0,0,0,0,0,1
4/12/2019,4:14:18 PM,0,0,0,1,0,0,0,0,0,0,0,0
4/12/2019,4:31:15 PM,1,0,0,0,0,0,0,1,0,0,0,1
4/12/2019,5:40:28 PM,1,0,0,0,0,0,1,1,0,0,0,0
4/12/2019,6:32:00 PM,1,0,0,0,0,0,0,0,0,0,0,0
4/12/2019,6:48:43 PM,0,0,0,1,0,0,0,1,0,0,0,0
4/12/2019,6:57:54 PM,1,0,0,0,0,0,1,0,0,0,0,1
4/12/2019,6:58:22 PM,0,0,1,0,0,0,0,0,0,0,0,0
4/12/2019,7:10:25 PM,1,0,0,0,0,0,0,1,0,0,1,0
4/12/2019,7:18:24 PM,1,0,0,0,0,0,0,0,0,0,0,0
4/13/2019,7:32:32 AM,0,0,1,0,1,1,0,0,0,0,0,1
4/13/2019,8:05:24 AM,0,0,0,1,0,0,1,0,0,0,0,0
4/13/2019,9:10:03 AM,0,0,0,1,0,0,0,0,0,0,0,0
4/13/2019,9:21:33 AM,0,0,0,1,0,0,0,1,0,0,0,0
4/13/2019,9:39:50 AM,1,0,0,0,0,0,0,1,0,0,1,0
4/13/2019,9:43:50 AM,0,0,1,0,0,0,0,0,0,0,0,0
4/13/2019,9:51:20 AM,0,1,0,0,0,0,0,0,0,0,0,0
4/13/2019,10:33:28 AM,0,0,0,1,0,0,0,1,0,0,0,0
4/13/2019,11:00:07 AM,1,0,0,0,0,0,0,1,0,0,0,0
4/13/2019,11:08:51 AM,1,0,0,0,0,0,1,1,0,0,0,0
4/13/2019,11:25:25 AM,1,0,0,0,0,0,1,1,0,0,0,0
4/13/2019,11:38:12 AM,0,0,0,1,0,0,1,1,0,0,0,1
4/13/2019,11:42:30 AM,1,0,0,0,0,0,1,0,0,0,0,0
4/13/2019,11:47:38 AM,1,0,0,0,0,0,1,1,0,0,0,0
4/13/2019,12:08:28 PM,0,0,0,1,0,0,0,0,0,0,0,0
4/13/2019,12:10:07 PM,0,0,0,1,0,0,1,0,0,0,0,1
4/13/2019,12:24:44 PM,0,0,1,0,0,1,0,0,0,0,0,0
4/13/2019,12:50:05 PM,0,0,1,0,1,1,0,0,0,0,0,0
4/13/2019,12:54:31 PM,0,0,0,1,0,0,0,1,0,0,0,0
4/13/2019,1:28:25 PM,0,0,0,1,0,0,0,0,0,0,0,0
4/13/2019,1:44:23 PM,0,0,1,0,0,1,0,0,0,0,0,0
4/13/2019,2:22:44 PM,1,0,0,0,0,0,0,0,0,0,0,0
4/13/2019,2:44:12 PM,0,0,0,1,0,0,0,1,0,0,0,0
4/13/2019,2:56:24 PM,0,1,0,0,0,0,0,0,0,0,0,0
4/13/2019,3:18:26 PM,0,1,0,0,0,0,0,0,1,1,0,0
4/13/2019,3:20:52 PM,1,0,0,0,0,0,1,1,0,0,0,0
4/13/2019,4:44:57 PM,0,0,1,0,0,0,0,0,0,0,0,1
4/13/2019,5:14:40 PM,1,0,0,0,0,0,0,0,0,0,0,0
4/13/2019,5:17:46 PM,0,0,1,0,0,0,0,0,0,0,0,0
4/13/2019,5:22:52 PM,1,0,0,0,0,0,0,1,0,0,0,0
4/13/2019,5:45:10 PM,1,0,0,0,0,0,0,0,0,0,0,0
4/13/2019,5:51:31 PM,0,0,1,0,1,1,0,0,0,0,0,0
4/13/2019,6:37:14 PM,1,0,0,0,0,0,0,0,0,0,0,0
4/13/2019,6:39:19 PM,1,0,0,0,0,0,0,0,0,0,0,0
4/13/2019,7:24:58 PM,0,0,1,0,0,0,0,0,0,0,0,0
4/13/2019,7:36:31 PM,0,1,0,0,0,0,0,0,0,0,0,0
4/13/2019,8:07:12 PM,0,0,1,0,1,0,0,0,0,0,0,0
4/14/2019,7:37:47 AM,1,0,0,0,0,0,0,1,0,0,0,1
4/14/2019,9:11:44 AM,0,0,1,0,0,1,0,0,0,0,0,0
4/14/2019,10:21:13 AM,1,0,0,0,0,0,1,0,0,0,0,0
4/14/2019,10:24:28 AM,0,0,1,0,0,1,0,0,0,0,0,0
4/14/2019,11:08:05 AM,0,1,0,0,0,0,0,0,1,0,0,0
4/14/2019,11:22:03 AM,0,0,0,1,0,0,0,1,0,0,0,0
4/14/2019,11:44:58 AM,1,0,0,0,0,0,1,1,0,0,0,0
4/14/2019,12:11:40 PM,0,0,1,0,0,0,0,0,0,0,0,0
4/14/2019,12:26:03 PM,1,0,0,0,0,0,1,1,0,0,0,0
4/14/2019,12:38:06 PM,1,0,0,0,0,0,1,1,0,0,0,0
4/14/2019,12:46:19 PM,1,0,0,0,0,0,1,1,0,0,0,0
4/14/2019,1:01:32 PM,1,0,0,0,0,0,0,1,0,0,0,0
4/14/2019,1:19:18 PM,0,1,0,0,0,0,0,0,0,1,0,0
4/14/2019,1:35:58 PM,1,0,0,0,0,0,0,0,0,0,0,0
4/14/2019,1:44:59 PM,0,0,0,1,0,0,1,0,0,0,0,0
4/14/2019,2:07:40 PM,0,0,1,0,1,0,0,0,0,0,1,0
4/14/2019,2:22:14 PM,0,1,0,0,0,0,0,0,0,1,0,0
4/14/2019,2:24:40 PM,1,0,0,0,0,0,0,1,0,0,0,0
4/14/2019,2:52:16 PM,1,0,0,0,0,0,0,0,0,0,0,0
4/14/2019,3:07:50 PM,1,0,0,0,0,0,0,1,0,0,0,0
4/14/2019,3:12:47 PM,1,0,0,0,0,0,1,1,0,0,0,0
4/14/2019,3:14:03 PM,1,0,0,0,0,0,0,0,0,0,0,0
4/14/2019,3:37:40 PM,1,0,0,0,0,0,1,0,0,0,1,0
4/14/2019,3:47:19 PM,1,0,0,0,0,0,0,0,0,0,0,1
4/14/2019,3:52:50 PM,1,0,0,0,0,0,1,1,0,0,0,0
4/14/2019,3:53:25 PM,0,1,0,0,0,0,0,0,0,1,1,0
4/14/2019,4:41:58 PM,1,0,0,0,0,0,0,1,0,0,0,0
4/14/2019,5:11:41 PM,0,0,0,1,0,0,1,0,0,0,0,0
4/14/2019,5:52:49 PM,0,0,0,1,0,0,0,1,0,0,0,0
4/14/2019,6:21:39 PM,0,0,0,1,0,0,0,0,0,0,0,0
4/14/2019,6:45:56 PM,0,0,1,0,1,1,0,0,0,0,0,0
4/14/2019,6:56:06 PM,0,0,0,1,0,0,1,1,0,0,0,0
4/14/2019,7:27:33 PM,0,1,0,0,0,0,0,0,0,1,0,0
4/14/2019,7:38:31 PM,0,0,0,1,0,0,1,1,0,0,1,0
4/14/2019,8:22:23 PM,0,0,1,0,1,0,0,0,0,0,0,0
4/15/2019,9:06:38 AM,0,1,0,0,0,0,0,0,0,0,0,0
4/15/2019,10:19:02 AM,1,0,0,0,0,0,1,1,0,0,0,0
4/15/2019,10:43:22 AM,1,0,0,0,0,0,1,0,0,0,0,0
4/15/2019,11:50:39 AM,0,1,0,0,0,0,0,0,0,1,0,0
4/15/2019,12:16:18 PM,1,0,0,0,0,0,1,1,0,0,0,1
4/15/2019,1:57:31 PM,1,0,0,0,0,0,0,1,0,0,0,0
4/15/2019,2:11:31 PM,1,0,0,0,0,0,0,0,0,0,0,0
4/15/2019,2:47:07 PM,1,0,0,0,0,0,0,1,0,0,0,0
4/15/2019,2:53:55 PM,0,1,0,0,0,0,0,0,1,1,0,0
4/15/2019,2:59:28 PM,1,0,0,0,0,0,1,1,0,0,0,0
4/15/2019,4:37:28 PM,1,0,0,0,0,0,1,0,0,0,0,1
4/15/2019,4:41:59 PM,0,0,0,1,0,0,0,1,0,0,0,0
4/15/2019,5:50:42 PM,0,0,1,0,1,0,0,0,0,0,0,0
4/16/2019,8:52:43 AM,0,0,0,1,0,0,0,1,0,0,0,0
4/16/2019,10:15:22 AM,1,0,0,0,0,0,0,1,0,0,0,0
4/16/2019,10:59:20 AM,1,0,0,0,0,0,0,1,0,0,0,1
4/16/2019,11:37:54 AM,0,0,0,1,0,0,0,0,0,0,0,0
4/16/2019,12:01:13 PM,0,0,0,1,0,0,1,1,0,0,0,0
4/16/2019,12:30:06 PM,0,0,1,0,0,1,0,0,0,0,0,0
4/16/2019,1:23:17 PM,1,0,0,0,0,0,0,0,0,0,0,0
4/16/2019,1:27:27 PM,1,0,0,0,0,0,0,1,0,0,0,1
4/16/2019,1:38:11 PM,0,0,1,0,1,1,0,0,0,0,0,0
4/16/2019,1:58:18 PM,1,0,0,0,0,0,1,1,0,0,0,0
4/16/2019,2:00:36 PM,1,0,0,0,0,0,1,0,0,0,0,0
4/16/2019,2:06:08 PM,0,1,0,0,0,0,0,0,0,1,0,0
4/16/2019,2:13:01 PM,1,0,0,0,0,0,0,0,0,0,1,1
4/16/2019,2:15:32 PM,0,1,0,0,0,0,0,0,0,1,0,0
4/16/2019,2:27:33 PM,0,0,1,0,0,0,0,0,0,0,0,0
4/16/2019,2:34:39 PM,1,0,0,0,0,0,0,0,0,0,0,0
4/16/2019,2:43:04 PM,1,0,0,0,0,0,1,1,0,0,0,0
4/16/2019,3:06:06 PM,1,0,0,0,0,0,0,0,0,0,0,0
4/16/2019,3:27:59 PM,1,0,0,0,0,0,0,0,0,0,0,0
4/16/2019,3:28:00 PM,1,0,0,0,0,0,1,0,0,0,0,0
4/16/2019,3:50:06 PM,1,0,0,0,0,0,0,1,0,0,0,0
4/16/2019,4:07:44 PM,0,0,1,0,0,0,0,0,0,0,0,0
4/16/2019,5:45:34 PM,1,0,0,0,0,0,1,1,0,0,0,0
4/16/2019,6:01:34 PM,1,0,0,0,0,0,1,0,0,0,0,0
4/16/2019,6:50:40 PM,0,0,0,1,0,0,0,1,0,0,1,0
4/16/2019,7:27:51 PM,0,0,1,0,1,0,0,0,0,0,0,0
4/16/2019,8:05:00 PM,1,0,0,0,0,0,0,1,0,0,0,1
4/17/2019,8:59:33 AM,1,0,0,0,0,0,0,0,0,0,0,0
4/17/2019,9:45:31 AM,0,0,0,1,0,0,0,1,0,0,1,0
4/17/2019,10:13:14 AM,1,0,0,0,0,0,0,1,0,0,0,0
4/17/2019,10:30:10 AM,1,0,0,0,0,0,1,0,0,0,0,0
4/17/2019,11:08:44 AM,0,0,0,1,0,0,0,1,0,0,0,0
4/17/2019,11:49:39 AM,0,0,0,1,0,0,1,0,0,0,0,0
4/17/2019,12:39:35 PM,0,0,1,0,0,1,0,0,0,0,0,1
4/17/2019,12:50:07 PM,0,1,0,0,0,0,0,0,0,1,0,0
4/17/2019,12:53:47 PM,0,0,1,0,0,1,0,0,0,0,0,0
4/17/2019,1:19:11 PM,1,0,0,0,0,0,0,1,0,0,0,0
4/17/2019,1:52:21 PM,0,0,0,1,0,0,0,1,0,0,0,0
4/17/2019,2:01:42 PM,0,0,1,0,0,0,0,0,0,0,0,0
4/17/2019,2:29:49 PM,1,0,0,0,0,0,0,0,0,0,0,1
4/17/2019,3:19:53 PM,0,0,0,1,0,0,1,0,0,0,0,0
4/17/2019,3:49:24 PM,1,0,0,0,0,0,0,0,0,0,0,0
4/17/2019,3:49:51 PM,1,0,0,0,0,0,0,0,0,0,0,0
4/17/2019,4:16:14 PM,0,1,0,0,0,0,0,0,0,1,0,0
4/17/2019,5:01:06 PM,0,1,0,0,0,0,0,0,1,0,0,0
4/17/2019,6:05:08 PM,0,0,0,1,0,0,1,1,0,0,0,0
4/17/2019,6:57:10 PM,1,0,0,0,0,0,1,1,0,0,0,1
4/17/2019,7:36:40 PM,1,0,0,0,0,0,1,0,0,0,0,1
4/17/2019,8:39:10 PM,1,0,0,0,0,0,0,0,0,0,0,0
4/17/2019,8:51:14 PM,0,0,0,1,0,0,0,1,0,0,0,1
4/18/2019,9:08:26 AM,0,0,1,0,0,1,0,0,0,0,0,0
4/18/2019,9:10:59 AM,0,0,1,0,1,0,0,0,0,0,1,0
4/18/2019,9:28:23 AM,1,0,0,0,0,0,0,1,0,0,0,0
4/18/2019,9:29:57 AM,0,0,0,1,0,0,0,1,0,0,0,0
4/18/2019,10:11:26 AM,1,0,0,0,0,0,1,1,0,0,0,0
4/18/2019,10:38:05 AM,0,0,0,1,0,0,0,0,0,0,0,0
4/18/2019,11:46:14 AM,1,0,0,0,0,0,1,1,0,0,0,0
4/18/2019,11:54:36 AM,1,0,0,0,0,0,0,0,0,0,0,0
4/18/2019,12:02:25 PM,1,0,0,0,0,0,0,0,0,0,0,0
4/18/2019,12:20:28 PM,1,0,0,0,0,0,0,0,0,0,0,0
4/18/2019,12:25:24 PM,0,0,1,0,1,0,0,0,0,0,0,0
4/18/2019,12:50:28 PM,0,0,0,1,0,0,0,1,0,0,0,0
4/18/2019,1:22:03 PM,0,1,0,0,0,0,0,0,1,1,0,0
4/18/2019,1:24:06 PM,0,0,1,0,1,0,0,0,0,0,0,0
4/18/2019,1:35:35 PM,0,0,0,1,0,0,0,1,0,0,0,1
4/18/2019,1:59:11 PM,1,0,0,0,0,0,0,0,0,0,0,0
4/18/2019,2:00:56 PM,0,0,1,0,1,1,0,0,0,0,0,0
4/18/2019,2:12:15 PM,1,0,0,0,0,0,0,0,0,0,0,0
4/18/2019,3:01:56 PM,0,0,1,0,0,1,0,0,0,0,0,0
4/18/2019,3:12:02 PM,1,0,0,0,0,0,0,1,0,0,0,0
4/18/2019,3:14:30 PM,0,0,0,1,0,0,1,0,0,0,0,0
4/18/2019,3:17:06 PM,0,0,0,1,0,0,0,0,0,0,0,0
4/18/2019,4:31:39 PM,0,0,1,0,1,0,0,0,0,0,0,0
4/18/2019,4:45:50 PM,0,0,1,0,1,0,0,0,0,0,0,0
4/18/2019,4:52:56 PM,0,0,1,0,0,0,0,0,0,0,1,0
4/18/2019,5:06:33 PM,0,0,0,1,0,0,1,1,0,0,0,0
4/18/2019,6:23:37 PM,0,0,1,0,1,0,0,0,0,0,0,0
4/18/2019,7:55:44 PM,1,0,0,0,0,0,0,1,0,0,0,0
4/18/2019,8:03:46 PM,0,1,0,0,0,0,0,0,0,0,0,0
4/19/2019,7:02:15 AM,0,0,0,1,0,0,1,1,0,0,0,1
4/19/2019,8:15:04 AM,0,0,1,0,0,0,0,0,0,0,0,0
4/19/2019,9:14:06 AM,1,0,0,0,0,0,0,1,0,0,0,0
4/19/2019,9:14:25 AM,0,0,0,1,0,0,0,0,0,0,0,0
4/19/2019,9:42:58 AM,1,0,0,0,0,0,0,1,0,0,1,0
4/19/2019,9:46:21 AM,0,0,0,1,0,0,0,0,0,0,0,0
4/19/2019,10:21:39 AM,0,0,1,0,0,0,0,0,0,0,0,0
4/19/2019,11:31:57 AM,1,0,0,0,0,0,0,1,0,0,1,0
4/19/2019,11:47:39 AM,0,0,0,1,0,0,0,1,0,0,0,0
4/19/2019,12:37:34 PM,0,1,0,0,0,0,0,0,1,0,1,0
4/19/2019,12:44:41 PM,1,0,0,0,0,0,0,1,0,0,0,1
4/19/2019,12:52:15 PM,0,1,0,0,0,0,0,0,1,1,0,1
4/19/2019,1:01:36 PM,1,0,0,0,0,0,0,1,0,0,0,0
4/19/2019,1:10:21 PM,1,0,0,0,0,0,1,1,0,0,0,0
4/19/2019,1:27:58 PM,0,0,1,0,0,1,0,0,0,0,0,0
4/19/2019,1:54:01 PM,0,0,1,0,1,0,0,0,0,0,1,0
4/19/2019,1:55:35 PM,0,0,1,0,0,1,0,0,0,0,0,0
4/19/2019,2:16:06 PM,0,0,1,0,0,0,0,0,0,0,0,0
4/19/2019,2:40:59 PM,0,1,0,0,0,0,0,0,1,1,0,0
4/19/2019,2:42:07 PM,1,0,0,0,0,0,0,0,0,0,0,0
4/19/2019,3:23:42 PM,1,0,0,0,0,0,0,1,0,0,1,0
4/19/2019,3:39:00 PM,1,0,0,0,0,0,0,1,0,0,0,0
4/19/2019,4:12:34 PM,0,0,1,0,1,1,0,0,0,0,0,0
4/19/2019,4:16:13 PM,1,0,0,0,0,0,0,1,0,0,0,0
4/19/2019,4:28:30 PM,1,0,0,0,0,0,0,1,0,0,0,1
4/19/2019,5:22:48 PM,1,0,0,0,0,0,0,1,0,0,0,1
4/19/2019,5:25:27 PM,1,0,0,0,0,0,1,1,0,0,0,0
4/19/2019,5:26:22 PM,0,1,0,0,0,0,0,0,0,1,0,1
4/19/2019,5:48:01 PM,0,1,0,0,0,0,0,0,0,0,0,0
4/19/2019,6:25:28 PM,0,1,0,0,0,0,0,0,0,1,0,0
4/20/2019,8:01:53 AM,0,0,1,0,0,0,0,0,0,0,0,0
4/20/2019,8:21:17 AM,0,1,0,0,0,0,0,0,1,0,0,0
4/20/2019,9:03:39 AM,1,0,0,0,0,0,0,1,0,0,0,0
4/20/2019,9:03:53 AM,1,0,0,0,0,0,1,0,0,0,1,0
4/20/2019,9:44:50 AM,0,0,0,1,0,0,0,0,0,0,0,0
4/20/2019,9:49:43 AM,1,0,0,0,0,0,0,1,0,0,1,0
4/20/2019,10:40:14 AM,0,1,0,0,0,0,0,0,0,0,0,0
4/20/2019,10:47:27 AM,0,0,0,1,0,0,0,0,0,0,0,0
4/20/2019,10:51:44 AM,0,0,1,0,1,0,0,0,0,0,0,0
4/20/2019,11:38:40 AM,1,0,0,0,0,0,1,0,0,0,0,0
4/20/2019,11:54:34 AM,0,1,0,0,0,0,0,0,0,0,0,0
4/20/2019,12:01:50 PM,1,0,0,0,0,0,1,1,0,0,0,0
4/20/2019,12:09:41 PM,0,0,1,0,1,1,0,0,0,0,1,0
4/20/2019,12:15:51 PM,1,0,0,0,0,0,1,0,0,0,0,0
4/20/2019,12:24:31 PM,1,0,0,0,0,0,1,1,0,0,0,0
4/20/2019,12:26:25 PM,0,0,1,0,1,1,0,0,0,0,0,0
4/20/2019,12:29:49 PM,1,0,0,0,0,0,0,1,0,0,0,0
4/20/2019,12:30:49 PM,0,0,0,1,0,0,0,1,0,0,0,1
4/20/2019,12:36:40 PM,0,0,1,0,0,0,0,0,0,0,0,0
4/20/2019,12:42:00 PM,0,0,1,0,0,1,0,0,0,0,0,0
4/20/2019,1:17:26 PM,0,0,1,0,1,0,0,0,0,0,0,0
4/20/2019,1:23:20 PM,0,0,0,1,0,0,1,1,0,0,0,0
4/20/2019,1:33:29 PM,0,1,0,0,0,0,0,0,0,1,0,0
4/20/2019,1:41:27 PM,1,0,0,0,0,0,1,0,0,0,0,0
4/20/2019,2:41:06 PM,0,0,1,0,1,1,0,0,0,0,0,0
4/20/2019,2:44:44 PM,1,0,0,0,0,0,0,0,0,0,0,0
4/20/2019,3:01:19 PM,1,0,0,0,0,0,0,0,0,0,0,0
4/20/2019,3:28:55 PM,0,0,1,0,1,1,0,0,0,0,0,0
4/20/2019,3:35:05 PM,1,0,0,0,0,0,1,0,0,0,0,0
4/20/2019,3:36:26 PM,0,1,0,0,0,0,0,0,1,1,0,0
4/20/2019,3:52:26 PM,0,0,1,0,1,0,0,0,0,0,0,0
4/20/2019,3:54:21 PM,1,0,0,0,0,0,1,0,0,0,0,0
4/20/2019,4:15:07 PM,0,0,1,0,0,1,0,0,0,0,0,0
4/20/2019,4:40:42 PM,0,0,1,0,0,0,0,0,0,0,0,0
4/20/2019,4:41:28 PM,1,0,0,0,0,0,1,1,0,0,1,0
4/20/2019,5:05:05 PM,0,0,0,1,0,0,0,0,0,0,0,0
4/20/2019,5:40:16 PM,0,0,0,1,0,0,1,1,0,0,0,0
4/20/2019,6:57:02 PM,0,0,1,0,1,1,0,0,0,0,0,0
4/20/2019,7:19:17 PM,0,0,1,0,1,1,0,0,0,0,0,0
4/20/2019,7:29:35 PM,1,0,0,0,0,0,1,0,0,0,0,0
4/20/2019,7:58:04 PM,0,1,0,0,0,0,0,0,0,1,0,0
4/20/2019,8:21:23 PM,1,0,0,0,0,0,1,1,0,0,1,0
4/20/2019,8:42:48 PM,1,0,0,0,0,0,1,1,0,0,0,0
4/21/2019,7:56:27 AM,1,0,0,0,0,0,0,0,0,0,0,0
4/21/2019,8:15:18 AM,1,0,0,0,0,0,1,1,0,0,0,0
4/21/2019,8:32:14 AM,1,0,0,0,0,0,0,1,0,0,0,0
4/21/2019,8:34:43 AM,1,0,0,0,0,0,0,0,0,0,0,0
4/21/2019,9:06:34 AM,0,1,0,0,0,0,0,0,0,1,0,0
4/21/2019,9:18:49 AM,1,0,0,0,0,0,1,1,0,0,1,0
4/21/2019,9:42:00 AM,0,0,0,1,0,0,0,1,0,0,0,0
4/21/2019,10:08:37 AM,0,0,1,0,1,0,0,0,0,0,0,0
4/21/2019,10:11:13 AM,1,0,0,0,0,0,0,0,0,0,0,0
4/21/2019,10:30:16 AM,1,0,0,0,0,0,0,0,0,0,0,0
4/21/2019,10:39:58 AM,0,0,1,0,1,1,0,0,0,0,0,0
4/21/2019,11:08:16 AM,0,1,0,0,0,0,0,0,1,1,0,0
4/21/2019,11:23:16 AM,0,0,0,1,0,0,0,1,0,0,0,0
4/21/2019,11:32:16 AM,0,0,1,0,1,1,0,0,0,0,0,0
4/21/2019,11:39:45 AM,0,0,0,1,0,0,0,1,0,0,0,0
4/21/2019,11:47:46 AM,1,0,0,0,0,0,0,0,0,0,1,0
4/21/2019,11:52:42 AM,1,0,0,0,0,0,1,1,0,0,0,0
4/21/2019,12:13:47 PM,1,0,0,0,0,0,0,0,0,0,0,0
4/21/2019,12:19:30 PM,0,0,1,0,1,1,0,0,0,0,0,0
4/21/2019,12:20:38 PM,1,0,0,0,0,0,1,1,0,0,0,0
4/21/2019,12:20:55 PM,1,0,0,0,0,0,0,1,0,0,0,0
4/21/2019,12:23:23 PM,0,0,1,0,0,1,0,0,0,0,0,0
4/21/2019,12:26:10 PM,1,0,0,0,0,0,1,0,0,0,0,0
4/21/2019,12:29:59 PM,1,0,0,0,0,0,0,1,0,0,0,0
4/21/2019,12:35:41 PM,0,0,1,0,0,0,0,0,0,0,0,0
4/21/2019,12:54:07 PM,0,0,0,1,0,0,1,0,0,0,0,0
4/21/2019,12:59:59 PM,0,1,0,0,0,0,0,0,1,1,0,0
4/21/2019,1:02:13 PM,0,0,1,0,0,1,0,0,0,0,0,0
4/21/2019,1:04:33 PM,1,0,0,0,0,0,1,1,0,0,0,0
4/21/2019,1:08:37 PM,0,0,0,1,0,0,0,1,0,0,0,1
4/21/2019,1:15:30 PM,0,0,1,0,0,1,0,0,0,0,0,1
4/21/2019,2:05:17 PM,0,1,0,0,0,0,0,0,0,0,0,0
4/21/2019,2:09:05 PM,0,0,0,1,0,0,1,0,0,0,0,0
4/21/2019,2:23:07 PM,0,0,0,1,0,0,1,1,0,0,0,0
4/21/2019,2:32:06 PM,0,0,1,0,0,1,0,0,0,0,0,0
4/21/2019,2:40:36 PM,1,0,0,0,0,0,0,1,0,0,0,0
4/21/2019,3:01:08 PM,0,0,1,0,1,0,0,0,0,0,0,0
4/21/2019,3:12:35 PM,0,1,0,0,0,0,0,0,0,1,0,0
4/21/2019,3:15:29 PM,0,0,1,0,1,1,0,0,0,0,0,0
4/21/2019,3:22:12 PM,0,1,0,0,0,0,0,0,0,1,0,1
4/21/2019,3:22:26 PM,1,0,0,0,0,0,1,1,0,0,0,0
4/21/2019,3:30:37 PM,0,0,0,1,0,0,0,1,0,0,0,0
4/21/2019,3:41:16 PM,0,0,0,1,0,0,0,1,0,0,0,0
4/21/2019,3:45:02 PM,0,0,1,0,0,1,0,0,0,0,0,0
4/21/2019,3:59:18 PM,0,1,0,0,0,0,0,0,0,1,0,1
4/21/2019,4:14:39 PM,1,0,0,0,0,0,1,1,0,0,0,0
4/21/2019,4:37:38 PM,0,1,0,0,0,0,0,0,1,1,0,0
4/21/2019,4:38:49 PM,0,0,1,0,1,0,0,0,0,0,0,0
4/21/2019,4:53:20 PM,0,0,0,1,0,0,0,1,0,0,0,0
4/21/2019,5:00:12 PM,1,0,0,0,0,0,0,1,0,0,0,0
4/21/2019,5:27:10 PM,1,0,0,0,0,0,0,0,0,0,0,0
4/21/2019,5:28:51 PM,0,1,0,0,0,0,0,0,1,0,1,0
4/21/2019,5:38:12 PM,1,0,0,0,0,0,0,0,0,0,1,0
4/21/2019,6:07:31 PM,1,0,0,0,0,0,0,1,0,0,0,0
4/21/2019,6:58:24 PM,1,0,0,0,0,0,0,0,0,0,0,0
4/21/2019,8:31:40 PM,0,0,1,0,0,0,0,0,0,0,0,0
4/21/2019,8:50:04 PM,1,0,0,0,0,0,1,0,0,0,1,0
4/22/2019,7:03:47 AM,1,0,0,0,0,0,0,0,0,0,0,0
4/22/2019,9:58:31 AM,0,0,1,0,1,1,0,0,0,0,0,0
4/22/2019,10:49:40 AM,1,0,0,0,0,0,1,1,0,0,0,0
4/22/2019,12:06:06 PM,0,0,1,0,0,0,0,0,0,0,0,0
4/22/2019,12:20:39 PM,1,0,0,0,0,0,0,0,0,0,0,0
4/22/2019,2:03:25 PM,0,1,0,0,0,0,0,0,1,1,0,0
4/22/2019,3:41:48 PM,1,0,0,0,0,0,1,0,0,0,0,0
4/23/2019,8:27:48 AM,1,0,0,0,0,0,0,1,0,0,0,0
4/23/2019,8:57:52 AM,1,0,0,0,0,0,1,1,0,0,0,1
4/23/2019,9:30:30 AM,0,0,1,0,1,1,0,0,0,0,0,0
4/23/2019,11:17:22 AM,1,0,0,0,0,0,0,1,0,0,0,1
4/23/2019,11:25:16 AM,0,0,1,0,0,0,0,0,0,0,0,0
4/23/2019,11:32:36 AM,0,0,1,0,1,1,0,0,0,0,0,1
4/23/2019,11:47:43 AM,0,0,1,0,1,1,0,0,0,0,0,0
4/23/2019,12:00:54 PM,1,0,0,0,0,0,1,1,0,0,0,0
4/23/2019,12:27:41 PM,1,0,0,0,0,0,0,0,0,0,0,0
4/23/2019,12:33:06 PM,1,0,0,0,0,0,1,1,0,0,0,0
4/23/2019,12:41:11 PM,0,1,0,0,0,0,0,0,0,0,0,0
4/23/2019,12:57:00 PM,1,0,0,0,0,0,0,1,0,0,0,0
4/23/2019,1:09:53 PM,1,0,0,0,0,0,0,0,0,0,0,0
4/23/2019,1:22:55 PM,0,0,0,1,0,0,0,1,0,0,0,0
4/23/2019,1:25:40 PM,0,0,1,0,0,1,0,0,0,0,0,0
4/23/2019,1:38:24 PM,0,1,0,0,0,0,0,0,0,1,0,0
4/23/2019,2:04:33 PM,0,0,1,0,0,0,0,0,0,0,0,0
4/23/2019,2:24:30 PM,1,0,0,0,0,0,1,0,0,0,0,0
4/23/2019,2:36:55 PM,0,0,0,1,0,0,0,0,0,0,0,0
4/23/2019,2:51:58 PM,1,0,0,0,0,0,1,1,0,0,1,0
4/23/2019,2:55:17 PM,1,0,0,0,0,0,1,1,0,0,1,0
4/23/2019,3:15:56 PM,0,0,1,0,0,1,0,0,0,0,0,1
4/23/2019,3:52:36 PM,0,0,0,1,0,0,0,1,0,0,0,0
4/23/2019,4:05:05 PM,0,1,0,0,0,0,0,0,0,0,0,0
4/23/2019,5:04:03 PM,0,0,1,0,1,0,0,0,0,0,0,0
4/23/2019,5:24:53 PM,0,0,1,0,1,1,0,0,0,0,0,1
4/23/2019,6:45:38 PM,0,0,0,1,0,0,1,1,0,0,1,0
4/23/2019,6:46:58 PM,1,0,0,0,0,0,0,0,0,0,1,0
4/24/2019,9:31:14 AM,0,0,1,0,0,1,0,0,0,0,0,1
4/24/2019,10:16:38 AM,0,1,0,0,0,0,0,0,0,1,0,0
4/24/2019,11:47:51 AM,0,0,0,1,0,0,0,1,0,0,0,0
4/24/2019,11:50:02 AM,0,0,0,1,0,0,1,1,0,0,0,1
4/24/2019,11:55:18 AM,0,1,0,0,0,0,0,0,0,1,0,0
4/24/2019,12:06:06 PM,0,0,0,1,0,0,0,1,0,0,0,0
4/24/2019,12:37:20 PM,1,0,0,0,0,0,0,0,0,0,1,0
4/24/2019,12:44:47 PM,1,0,0,0,0,0,1,0,0,0,0,0
4/24/2019,12:47:01 PM,0,0,0,1,0,0,0,1,0,0,0,0
4/24/2019,12:50:12 PM,0,0,0,1,0,0,0,0,0,0,0,0
4/24/2019,1:32:03 PM,0,0,1,0,0,0,0,0,0,0,0,0
4/24/2019,1:51:43 PM,0,1,0,0,0,0,0,0,0,0,0,1
4/24/2019,1:52:26 PM,0,0,1,0,1,0,0,0,0,0,0,0
4/24/2019,2:18:20 PM,0,1,0,0,0,0,0,0,0,1,0,0
4/24/2019,2:22:26 PM,1,0,0,0,0,0,0,1,0,0,0,0
4/24/2019,2:32:26 PM,0,0,1,0,0,0,0,0,0,0,0,0
4/24/2019,2:47:43 PM,0,0,1,0,0,0,0,0,0,0,0,0
4/24/2019,3:00:58 PM,1,0,0,0,0,0,0,0,0,0,0,0
4/24/2019,3:49:56 PM,0,0,0,1,0,0,1,1,0,0,0,0
4/24/2019,3:54:34 PM,0,0,0,1,0,0,0,0,0,0,0,0
4/24/2019,4:34:47 PM,1,0,0,0,0,0,0,1,0,0,0,0
4/24/2019,4:39:25 PM,0,0,1,0,1,1,0,0,0,0,0,0
4/24/2019,4:49:50 PM,0,0,0,1,0,0,1,0,0,0,0,0
4/25/2019,9:58:23 AM,1,0,0,0,0,0,0,1,0,0,0,0
4/25/2019,10:32:39 AM,0,0,0,1,0,0,0,0,0,0,0,0
4/25/2019,11:19:20 AM,0,0,1,0,0,0,0,0,0,0,0,0
4/25/2019,11:20:56 AM,1,0,0,0,0,0,0,0,0,0,0,0
4/25/2019,11:22:10 AM,1,0,0,0,0,0,1,1,0,0,0,0
4/25/2019,11:48:07 AM,0,0,0,1,0,0,0,0,0,0,0,0
4/25/2019,12:09:45 PM,0,0,0,1,0,0,0,1,0,0,0,0
4/25/2019,12:21:45 PM,1,0,0,0,0,0,0,0,0,0,0,0
4/25/2019,12:33:31 PM,0,0,1,0,0,0,0,0,0,0,0,0
4/25/2019,1:05:19 PM,1,0,0,0,0,0,0,1,0,0,0,0
4/25/2019,1:49:44 PM,0,0,0,1,0,0,0,1,0,0,0,0
4/25/2019,1:51:44 PM,1,0,0,0,0,0,0,0,0,0,0,0
4/25/2019,1:55:45 PM,0,0,1,0,1,0,0,0,0,0,0,0
4/25/2019,2:37:17 PM,1,0,0,0,0,0,0,0,0,0,0,0
4/25/2019,2:44:53 PM,0,0,0,1,0,0,1,1,0,0,0,0
4/25/2019,2:49:53 PM,0,0,1,0,1,0,0,0,0,0,0,0
4/25/2019,3:41:27 PM,1,0,0,0,0,0,0,1,0,0,0,0
4/25/2019,4:04:10 PM,0,0,0,1,0,0,0,1,0,0,0,1
4/25/2019,4:07:33 PM,1,0,0,0,0,0,1,1,0,0,0,0
4/25/2019,4:55:04 PM,0,0,1,0,0,0,0,0,0,0,0,0
4/25/2019,5:19:17 PM,1,0,0,0,0,0,0,0,0,0,0,0
4/25/2019,5:30:20 PM,0,0,1,0,1,1,0,0,0,0,1,0
4/25/2019,5:49:01 PM,0,1,0,0,0,0,0,0,0,1,0,0
4/25/2019,7:19:36 PM,0,0,0,1,0,0,0,1,0,0,0,0
4/26/2019,7:07:54 AM,0,0,1,0,0,1,0,0,0,0,0,0
4/26/2019,8:04:33 AM,1,0,0,0,0,0,0,1,0,0,0,0
4/26/2019,10:14:33 AM,1,0,0,0,0,0,0,1,0,0,1,0
4/26/2019,10:35:15 AM,1,0,0,0,0,0,0,1,0,0,0,0
4/26/2019,10:43:26 AM,0,0,0,1,0,0,0,1,0,0,0,0
4/26/2019,11:17:14 AM,0,0,1,0,0,0,0,0,0,0,0,1
4/26/2019,11:31:15 AM,1,0,0,0,0,0,0,0,0,0,0,0
4/26/2019,11:35:11 AM,0,1,0,0,0,0,0,0,1,1,0,0
4/26/2019,11:47:33 AM,1,0,0,0,0,0,0,1,0,0,0,0
4/26/2019,12:05:51 PM,1,0,0,0,0,0,1,1,0,0,0,0
4/26/2019,1:10:54 PM,1,0,0,0,0,0,0,1,0,0,0,0
4/26/2019,2:13:18 PM,1,0,0,0,0,0,0,1,0,0,0,0
4/26/2019,2:29:34 PM,1,0,0,0,0,0,1,1,0,0,0,0
4/26/2019,2:59:04 PM,0,1,0,0,0,0,0,0,0,1,0,1
4/26/2019,3:02:43 PM,1,0,0,0,0,0,0,1,0,0,0,0
4/26/2019,3:03:01 PM,0,0,1,0,0,0,0,0,0,0,0,0
4/26/2019,3:03:55 PM,1,0,0,0,0,0,1,1,0,0,0,0
4/26/2019,3:21:09 PM,0,0,1,0,0,1,0,0,0,0,1,0
4/26/2019,3:52:40 PM,1,0,0,0,0,0,0,1,0,0,0,0
4/26/2019,4:21:03 PM,0,0,0,1,0,0,0,0,0,0,0,0
4/26/2019,5:34:45 PM,1,0,0,0,0,0,0,0,0,0,0,0
4/26/2019,6:02:34 PM,1,0,0,0,0,0,0,1,0,0,0,1
4/26/2019,6:07:10 PM,0,0,0,1,0,0,0,0,0,0,0,1
4/26/2019,6:51:25 PM,1,0,0,0,0,0,0,0,0,0,0,0
4/26/2019,7:12:36 PM,1,0,0,0,0,0,0,1,0,0,0,0
4/26/2019,8:56:36 PM,0,0,1,0,1,0,0,0,0,0,0,0
4/27/2019,8:04:06 AM,0,0,0,1,0,0,1,1,0,0,0,0
4/27/2019,8:56:45 AM,0,1,0,0,0,0,0,0,0,1,0,0
4/27/2019,9:23:03 AM,1,0,0,0,0,0,0,0,0,0,0,0
4/27/2019,10:17:00 AM,0,0,0,1,0,0,0,1,0,0,0,1
4/27/2019,10:22:29 AM,0,0,0,1,0,0,0,0,0,0,0,0
4/27/2019,10:32:01 AM,1,0,0,0,0,0,0,1,0,0,0,0
4/27/2019,10:49:08 AM,0,1,0,0,0,0,0,0,1,0,0,0
4/27/2019,11:01:51 AM,1,0,0,0,0,0,0,1,0,0,0,0
4/27/2019,11:06:15 AM,1,0,0,0,0,0,1,0,0,0,1,1
4/27/2019,11:08:57 AM,1,0,0,0,0,0,1,0,0,0,0,0
4/27/2019,11:11:48 AM,1,0,0,0,0,0,0,0,0,0,0,0
4/27/2019,11:56:07 AM,0,0,1,0,0,0,0,0,0,0,0,0
4/27/2019,12:01:14 PM,0,0,1,0,0,1,0,0,0,0,0,1
4/27/2019,12:05:42 PM,1,0,0,0,0,0,0,0,0,0,0,0
4/27/2019,12:13:27 PM,1,0,0,0,0,0,0,1,0,0,1,0
4/27/2019,12:20:49 PM,0,0,1,0,0,0,0,0,0,0,0,0
4/27/2019,12:27:08 PM,1,0,0,0,0,0,0,1,0,0,0,0
4/27/2019,12:34:13 PM,0,1,0,0,0,0,0,0,1,0,0,0
4/27/2019,12:35:48 PM,0,0,0,1,0,0,0,1,0,0,0,0
4/27/2019,12:46:09 PM,0,1,0,0,0,0,0,0,0,1,0,0
4/27/2019,12:54:25 PM,1,0,0,0,0,0,0,0,0,0,0,0
4/27/2019,1:11:45 PM,0,0,1,0,0,1,0,0,0,0,0,0
4/27/2019,1:12:54 PM,0,0,0,1,0,0,1,1,0,0,0,0
4/27/2019,1:28:39 PM,1,0,0,0,0,0,0,0,0,0,0,0
4/27/2019,1:46:47 PM,1,0,0,0,0,0,0,1,0,0,1,0
4/27/2019,2:09:55 PM,0,0,0,1,0,0,1,1,0,0,0,1
4/27/2019,2:25:17 PM,1,0,0,0,0,0,1,1,0,0,0,0
4/27/2019,2:31:22 PM,0,1,0,0,0,0,0,0,1,1,0,0
4/27/2019,2:39:16 PM,0,1,0,0,0,0,0,0,0,1,0,0
4/27/2019,2:42:49 PM,0,0,1,0,0,0,0,0,0,0,0,1
4/27/2019,2:45:39 PM,0,1,0,0,0,0,0,0,1,0,0,1
4/27/2019,2:54:32 PM,1,0,0,0,0,0,0,1,0,0,0,0
4/27/2019,3:14:08 PM,0,0,1,0,1,0,0,0,0,0,0,0
4/27/2019,3:49:43 PM,1,0,0,0,0,0,0,1,0,0,0,0
4/27/2019,4:22:25 PM,0,0,1,0,1,0,0,0,0,0,0,1
4/27/2019,4:45:30 PM,1,0,0,0,0,0,1,0,0,0,0,0
4/27/2019,4:55:03 PM,0,0,1,0,0,0,0,0,0,0,0,0
4/27/2019,5:08:50 PM,1,0,0,0,0,0,0,1,0,0,0,0
4/27/2019,5:12:40 PM,0,0,1,0,1,0,0,0,0,0,0,0
4/28/2019,7:32:27 AM,0,1,0,0,0,0,0,0,0,0,0,0
4/28/2019,8:34:27 AM,0,1,0,0,0,0,0,0,0,0,0,1
4/28/2019,8:57:19 AM,0,1,0,0,0,0,0,0,0,0,0,0
4/28/2019,9:13:13 AM,0,0,0,1,0,0,0,1,0,0,0,0
4/28/2019,9:15:24 AM,1,0,0,0,0,0,1,1,0,0,0,1
4/28/2019,9:44:40 AM,0,1,0,0,0,0,0,0,1,0,0,0
4/28/2019,10:23:28 AM,1,0,0,0,0,0,0,1,0,0,0,0
4/28/2019,10:46:50 AM,0,0,0,1,0,0,0,1,0,0,1,0
4/28/2019,10:59:13 AM,1,0,0,0,0,0,0,0,0,0,0,0
4/28/2019,11:05:54 AM,0,0,1,0,0,0,0,0,0,0,0,1
4/28/2019,11:09:08 AM,0,1,0,0,0,0,0,0,0,0,0,0
4/28/2019,11:16:20 AM,0,0,1,0,0,1,0,0,0,0,0,0
4/28/2019,11:19:08 AM,1,0,0,0,0,0,0,1,0,0,0,0
4/28/2019,11:36:17 AM,1,0,0,0,0,0,0,0,0,0,0,1
4/28/2019,11:41:49 AM,0,0,0,1,0,0,0,1,0,0,0,0
4/28/2019,12:03:12 PM,0,0,0,1,0,0,0,1,0,0,0,0
4/28/2019,12:09:19 PM,1,0,0,0,0,0,0,0,0,0,0,0
4/28/2019,12:41:07 PM,0,0,0,1,0,0,1,0,0,0,1,0
4/28/2019,12:57:38 PM,0,1,0,0,0,0,0,0,0,1,0,0
4/28/2019,1:01:15 PM,1,0,0,0,0,0,1,0,0,0,0,0
4/28/2019,1:05:24 PM,0,0,0,1,0,0,0,1,0,0,0,1
4/28/2019,1:30:34 PM,0,0,1,0,1,1,0,0,0,0,0,0
4/28/2019,1:37:37 PM,1,0,0,0,0,0,1,1,0,0,1,0
4/28/2019,1:48:00 PM,1,0,0,0,0,0,0,0,0,0,0,0
4/28/2019,1:57:37 PM,0,1,0,0,0,0,0,0,0,1,0,0
4/28/2019,2:18:49 PM,1,0,0,0,0,0,1,0,0,0,0,0
4/28/2019,2:56:12 PM,0,0,1,0,1,0,0,0,0,0,0,0
4/28/2019,2:58:21 PM,0,0,0,1,0,0,1,0,0,0,0,0
4/28/2019,3:02:27 PM,0,0,1,0,0,0,0,0,0,0,0,0
4/28/2019,3:30:45 PM,1,0,0,0,0,0,0,0,0,0,0,0
4/28/2019,3:33:46 PM,0,0,0,1,0,0,0,0,0,0,0,1
4/28/2019,5:00:32 PM,0,0,0,1,0,0,0,1,0,0,0,1
4/28/2019,5:19:22 PM,0,0,1,0,1,0,0,0,0,0,0,0
4/28/2019,5:26:52 PM,0,0,1,0,0,0,0,0,0,0,0,0
4/28/2019,5:39:57 PM,0,0,1,0,1,0,0,0,0,0,0,0
4/28/2019,6:04:35 PM,0,0,1,0,1,1,0,0,0,0,1,0
4/28/2019,6:22:20 PM,0,1,0,0,0,0,0,0,1,0,0,0
4/28/2019,7:44:55 PM,0,0,1,0,1,0,0,0,0,0,0,0